{"cameraMode":{"drawMode":0,"name":"Shaded","section":"Shading Mode"},"sceneLighting":true,"audioPlay":false,"sceneViewState":{"showFog":false,"showMaterialUpdate":false,"showSkybox":false,"showFlares":false,"showImageEffects":false,"showParticleSystems":false},"in2DMode":false,"pivot":{"x":0.13588714599609376,"y":-0.5380432605743408,"z":-2.3855695724487306},"rotation":{"x":-0.09107361733913422,"y":-0.908880352973938,"z":0.28295591473579409,"w":-0.29253730177879336},"size":13.222126007080079,"orthographic":false}